set,exp,pred
Train,0.4534,0.4615956710708439
Train,0.8376,0.8132701123546093
Train,0.3145,0.3171102686070895
Train,0.0581,0.05034619338947479
Train,0.667,0.6688099305643274
Train,0.23,0.23557959708149612
Train,0.3743,0.38478142436783863
Train,0.0583,0.05896237054660746
Train,0.0843,0.08450218718259257
Train,0.2915,0.2829291780962271
Train,0.389,0.39205867572291186
Train,0.8817,0.8874058509400031
Train,0.7432,0.7349824047720075
Train,0.1005,0.09980247346708654
Train,0.2142,0.21300125076589949
Train,0.6834,0.7119012614495461
Train,0.515,0.5001782412169933
Train,0.2815,0.2797151735290381
Train,0.1183,0.11574877592426487
Train,0.6491,0.6409655952556953
Train,0.0885,0.0924309855117898
Train,0.839,0.846913766284624
Train,0.146,0.14216126717576022
Train,0.2372,0.2167223867256629
Train,0.0075,0.01328800356685697
Train,0.2501,0.24904871634263914
Train,0.4866,0.49163854186083905
Train,0.2786,0.28466769951171683
Train,0.1674,0.16367627580395755
Train,0.115,0.12070700812684074
Train,0.6061,0.6059709833952098
Train,0.1802,0.1814682608654593
Train,0.1141,0.11300905890127877
Train,0.2038,0.2063147691897813
Train,0.2029,0.19329373333199643
Train,0.912,0.906411468285602
Train,0.6978,0.6956286471266696
Train,0.082,0.08013337398592539
Train,0.5445,0.5489991985264793
Train,0.119,0.11494373771281885
Train,0.0693,0.07119326994758912
Train,0.8919,0.866275967563418
Train,0.6734,0.6722281996548217
Train,0.592,0.5813864690255098
Train,0.8016,0.8013993375185127
Train,0.538,0.5372377434102305
Train,0.1682,0.16161471506836353
Train,0.941,0.9237273886864046
Train,0.2423,0.2695459031256899
Train,0.37,0.3709289687182024
Train,0.2588,0.2560748916472141
Train,0.2879,0.3043279767782
Train,0.759,0.7522430365014253
Train,0.4667,0.46577863018228105
Train,0.6822,0.6775591023114244
Train,0.8867,0.894387545106125
Train,0.428,0.4146674415022653
Train,0.4604,0.46929284381044256
Train,0.7346,0.7318177105165521
Train,0.1148,0.11613817629045294
Train,0.4967,0.4938929965959477
Train,0.2194,0.21785281267903275
Train,0.755,0.7583621929245347
Train,0.5809,0.5940466411116183
Train,0.171,0.16626879752368673
Train,0.0554,0.04358564289934951
Train,0.3029,0.2895117460131831
Train,0.2154,0.21304355730446495
Train,0.1579,0.15327782145210253
Train,0.066,0.07695572039560092
Train,0.704,0.7113646101082064
Train,0.031,0.01844243066508366
Train,0.483,0.4802743133077417
Train,0.8087,0.8214321337572813
Train,0.2491,0.26595196915854263
Train,0.1278,0.12696366489093935
Train,0.1468,0.13198580505200166
Train,0.4236,0.42250024624369503
Train,0.8413,0.8572306818027098
Train,0.6449,0.6457775873781263
Train,0.665,0.6701615201490053
Train,0.23,0.22343019861248817
Train,0.6243,0.6241569915842139
Train,0.8573,0.8546389922858524
Train,0.3667,0.3648987118936543
Train,0.6379,0.6242827193243405
Train,0.2008,0.18956986265709835
Train,0.3446,0.3363820625592919
Train,0.328,0.33242883324288586
Train,0.8779,0.8804831363610429
Train,0.5107,0.5060099389209282
Train,0.0556,0.05406872442206613
Train,0.348,0.3494261950694826
Train,0.3011,0.3100840055809832
Train,0.236,0.23533108036391934
Train,0.045,0.040116853546502226
Train,0.1278,0.12882686329160173
Train,0.6326,0.6318600849355903
Train,0.0436,0.03936306577955759
Train,0.4824,0.4333804191366803
Train,0.881,0.8779145116865964
Train,0.0082,0.012363871599747073
Train,0.0294,0.028122152295482376
Train,0.222,0.2273319361697374
Train,0.2797,0.2845182935116797
Train,0.372,0.36413663379217864
Train,0.5173,0.513041356176647
Train,0.2276,0.22304830315591184
Train,0.1873,0.19006328525480115
Train,0.234,0.23604275834511287
Train,0.0286,0.02660537627408793
Train,0.0778,0.13411138954921495
Train,0.0194,0.022028475011355377
Train,0.3331,0.3303713663226039
Train,0.585,0.5884673774360131
Train,0.385,0.39409949435678865
Train,0.2873,0.28078297037442423
Train,0.5482,0.532568129020926
Train,0.4404,0.4481305675284325
Train,0.8221,0.8269921701844026
Train,0.938,0.9323877179400739
Train,0.6718,0.6714225166612563
Train,0.0662,0.06323682558542194
Train,0.4117,0.42091243068450945
Train,0.387,0.39025940385669095
Train,0.4085,0.4180081102759481
Train,0.149,0.14473534096956922
Train,0.58,0.5641458407311084
Train,0.151,0.1550819170179422
Train,0.8751,0.8826924853887393
Train,0.1586,0.15102665227220333
Train,0.9071,0.9283436343481453
Train,0.3347,0.33309728222289214
Train,0.2965,0.2939892504752247
Train,0.2877,0.2884579647240349
Train,0.683,0.7168960415161885
Train,0.205,0.19866064140357836
Train,0.2626,0.2585801358322125
Train,0.462,0.47151369317913
Train,0.1136,0.11360184394387096
Train,0.3414,0.34529265184797064
Train,0.5373,0.5380396143220353
Train,0.158,0.15900070132790964
Train,0.8941,0.8950111326164458
Train,0.1044,0.100606926890932
Train,0.193,0.19256756037250802
Train,0.0328,0.028091553055101946
Train,0.1316,0.13557678282721303
Train,0.7135,0.7218051232647613
Train,0.0036,-0.002636131109971744
Train,0.4769,0.48307336702986037
Train,0.7007,0.6969908996898032
Train,0.2763,0.2726084036758151
Train,0.682,0.6762241286689002
Train,0.8718,0.8678434345406063
Train,0.7776,0.7820288286999316
Train,0.3626,0.3714452403013804
Train,0.8682,0.8650240542595653
Train,0.3874,0.3887178675608787
Train,0.252,0.25496695448485834
Train,0.1011,0.10473410382107551
Train,0.07,0.0708574344927276
Train,0.3903,0.3935758836554656
Train,0.584,0.5860216489064423
Train,0.6257,0.6300542374071403
Train,0.4638,0.4554569267176215
Train,0.5101,0.5120595501877647
Train,0.5351,0.533476103131704
Train,0.2974,0.31809015917999145
Train,0.2161,0.21811122554377835
Train,0.2171,0.21932275290736328
Train,0.049,0.04893516996527045
Train,0.6701,0.6730296508882265
Train,0.2663,0.30218259369784484
Train,0.5284,0.5152454645688832
Train,0.1559,0.16536186496187408
Train,0.4723,0.47656431443013886
Train,0.0681,0.074256236545041
Train,0.745,0.7459158366017364
Train,0.145,0.1454489874613812
Train,0.8799,0.8854683994616989
Train,0.201,0.20457382655959624
Train,0.9169,0.9107264336224759
Train,0.449,0.44651310492316865
Train,0.301,0.2928063078971856
Train,0.5776,0.5784561908967667
Train,0.4502,0.45614904285422675
Train,0.1496,0.14956153385844448
Train,0.0229,0.0214596251431739
Train,0.282,0.27170164237970357
Train,0.1612,0.16470299224275667
Train,0.092,0.09397601764465627
Train,0.113,0.11067833055138052
Train,0.1504,0.1505076281794314
Train,0.1152,0.11892662331370488
Train,0.77,0.7715193152873427
Train,0.477,0.5530941363373181
Train,0.9133,0.9142309301459629
Train,0.0612,0.06640904487248832
Train,0.164,0.16591948885740462
Train,0.3668,0.371873955139346
Train,0.5419,0.5423775919198789
Train,0.0379,0.03300359029003727
Train,0.1737,0.17342260432158943
Train,0.1238,0.1351778355176513
Train,0.0157,0.009474136281886193
Train,0.075,0.06723076400562306
Train,0.2392,0.23053535992146376
Train,0.0077,0.0023635232237615407
Train,0.4629,0.4624585635745399
Train,0.2336,0.2357696690393584
Train,0.726,0.7278060686460528
Train,0.0323,0.029034863135268464
Train,0.414,0.40419421394563887
Train,0.731,0.7357853646204147
Train,0.4257,0.3777473416815358
Train,0.6444,0.650530134573068
Train,0.4823,0.4842863605443544
Train,0.306,0.2941063524834471
Train,0.1311,0.13011996742534893
Train,0.2566,0.2567198146584795
Train,0.4832,0.4848185381808978
Train,0.84,0.8255756089799706
Train,0.8089,0.8099162003093592
Train,0.1697,0.16972950750036409
Train,0.1207,0.1174833582474696
Train,0.6394,0.6527292619131363
Train,0.5473,0.5485580167975521
Train,0.1696,0.16740501185166168
Train,0.527,0.5367261359741349
Train,0.357,0.3523018280382624
Train,0.3467,0.367434850345667
Train,0.1251,0.15917082673910318
Train,0.0149,0.016136996077434122
Train,0.9426,0.9267119188214704
Train,0.8954,0.8905715532283863
Train,0.3834,0.3781264895162696
Train,0.571,0.5666267706244196
Train,0.4476,0.4506229838227739
Train,0.481,0.4688543280896622
Train,0.0537,0.07075843644502251
Train,0.332,0.3284071062936446
Train,0.6825,0.6811225720385088
Train,0.7355,0.7270670692743811
Train,0.7581,0.7564141976790383
Train,0.141,0.14201009150775004
Train,0.4889,0.483732557027769
Train,0.5759,0.5633985945085492
Train,0.318,0.3339115911381077
Train,0.3283,0.34036029630166836
Train,0.6867,0.6762890827222899
Train,0.8485,0.8399113390292287
Train,0.533,0.5452440089775257
Train,0.4931,0.49343531345644337
Train,0.1993,0.19953862445490467
Train,0.1294,0.13506040011728368
Train,0.1705,0.174895129675595
Train,0.8517,0.8481692943565543
Train,0.2866,0.28580723228231225
Train,0.4945,0.5103150177917799
Train,0.3526,0.3517461818490263
Train,0.239,0.23495267088761504
Train,0.864,0.838158614629416
Train,0.8817,0.8755774301626345
Train,0.0881,0.09367794327900447
Train,0.0282,0.025948559657844164
Train,0.271,0.26594580477912494
Train,0.4691,0.46637501870047837
Train,0.5424,0.5417297148840844
Train,0.5491,0.5242419914055291
Train,0.0909,0.09200133673574724
Train,0.0244,0.020319454867559376
Train,0.484,0.494090289897763
Train,0.6733,0.6905916689095274
Train,0.803,0.7903915066572085
Train,0.893,0.8208571494266691
Train,0.7691,0.7820339507880955
Train,0.9043,0.8903460941294848
Train,0.3647,0.36656078307617956
Train,0.089,0.0848352939975962
Train,0.4361,0.4355200719622765
Train,0.0596,0.05182538758281239
Train,0.0474,-0.018264860056127707
Train,0.1431,0.1462162905683668
Train,0.458,0.46031838433993777
Train,0.588,0.5930733901793986
Train,0.5852,0.5870328462529274
Train,0.7657,0.7612437828292065
Train,0.724,0.7294549232926527
Train,0.0568,0.05397670457408116
Train,0.0737,0.08155321596278274
Train,0.0884,0.12365257802261409
Train,0.2709,0.2733000831750361
Train,0.3927,0.3909893158390296
Train,0.6519,0.6527560339462991
Train,0.0152,0.006312238589417365
Train,0.2428,0.23511130216539242
Train,0.17,0.18277906000466881
Train,0.0435,0.04116077255855506
Train,0.1427,0.14296476296240065
Train,0.0359,0.03414989712779836
Train,0.079,0.07980107359375806
Train,0.1876,0.1828418444544541
Train,0.2582,0.258216420557216
Train,0.5844,0.5924012816158477
Train,0.78,0.7916480207004708
Train,0.0418,0.057404988722526626
Train,0.0367,0.036081521303168
Train,0.013,0.013671433076533113
Train,0.225,0.22726640206346174
Train,0.0142,0.017655552543480633
Train,0.1575,0.14869693415594604
Train,0.4583,0.46436454157980583
Train,0.2288,0.23519686492991948
Train,0.4154,0.417208485856113
Train,0.3455,0.33729414396644253
Train,0.1211,0.12197768413985173
Train,0.782,0.7773071400003361
Train,0.1977,0.19743072307153364
Train,0.7748,0.7708419084464733
Train,0.317,0.3166569408918654
Train,0.1825,0.1849855358850518
Train,0.7944,0.7820025671881659
Train,0.7398,0.7316566080742569
Train,0.2201,0.21541742261995236
Train,0.522,0.5143079722565832
Train,0.472,0.4772093009554949
Train,0.33,0.30868756720025936
Train,0.4657,0.46686371981754066
Train,0.0072,0.009666878182394697
Train,0.1574,0.15540627868085288
Train,0.4064,0.4224163907731655
Train,0.2542,0.2604488076082629
Train,0.565,0.558499325295204
Train,0.397,0.38573426803290634
Train,0.263,0.2375048295120815
Train,0.2354,0.22947567747783326
Train,0.4831,0.4888570325751288
Train,0.2684,0.26835175135810313
Train,0.3715,0.38560995108129964
Train,0.1734,0.1791348464197206
Train,0.1572,0.1495563089783419
Train,0.0185,0.016935369940276123
Train,0.0567,0.05721796196665197
Train,0.921,0.9058204491088802
Train,0.3411,0.33595425975263304
Train,0.763,0.7698754630138045
Train,0.607,0.5830641066175443
Train,0.991,0.9893268899016203
Train,0.254,0.25425979741814597
Train,0.086,0.08973272719486357
Train,0.0369,0.03476589939964223
Train,0.0753,0.07244448592768402
Train,0.2786,0.2746673165769326
Train,0.5237,0.5332366515458613
Train,0.0036,0.0010214468242081298
Train,0.186,0.18397486505172156
Train,0.1199,0.11106955804685748
Train,0.3267,0.3227011567894977
Train,0.0957,0.09367490858010631
Train,0.247,0.249082381145952
Train,0.6326,0.632586401035018
Train,0.6495,0.653065744067019
Train,0.714,0.6856226713493389
Train,0.3298,0.32699896338692874
Train,0.1293,0.12564816113364333
Train,0.834,0.8242350347581118
Train,0.6581,0.6264466099231408
Train,0.3139,0.3143228021522435
Train,0.106,0.1010902774923801
Train,0.6258,0.6213147433231719
Train,0.1818,0.18348232117046834
Train,0.4945,0.49055548627547946
Train,0.2356,0.22927371085403864
Train,0.3878,0.4260491523887195
Train,0.1738,0.17688797058388323
Train,0.3017,0.3045901828291
Train,0.0256,0.02852521899535191
Train,0.0163,0.016960472077180273
Train,0.0526,0.0523816600012139
Train,0.2522,0.25527357615711493
Train,0.6273,0.6249168983940048
Train,0.2629,0.26471108823685835
Train,0.3279,0.33162383084984515
Train,0.4109,0.41684104341916195
Train,0.5025,0.5040710646776441
Train,0.471,0.4645119538714254
Train,0.3915,0.37086560741689534
Train,0.6682,0.6122932151753084
Train,0.6254,0.6183995379816322
Train,0.3951,0.3888703326337876
Train,0.0151,0.0035277428121953574
Train,0.0099,0.009886960047916513
Train,0.1073,0.11494356924373056
Train,0.4256,0.4370179839053623
Train,0.1202,0.11487240556065804
Train,0.0184,0.02261699793780383
Train,0.2665,0.27391410272858624
Train,0.2366,0.23365241323601713
Train,0.6303,0.6370557609463576
Train,0.0484,0.04388318772922068
Train,0.7919,0.7996165527486473
Train,0.2438,0.24581816726520153
Train,0.3908,0.3894569319186306
Train,0.3039,0.3096559985751672
Train,0.3169,0.31535092468687353
Train,0.3118,0.31866462285997565
Train,0.794,0.777218056899874
Train,0.5381,0.5299013180400736
Train,0.1087,0.11128719511452166
Train,0.251,0.24084107112083497
Train,0.428,0.42443693169641433
Train,0.3846,0.38202029812503735
Train,0.0808,0.0827756787487182
Train,0.1961,0.20018964143754608
Train,0.8809,0.927960435566033
Train,0.7922,0.8153785489449032
Train,0.0063,0.014664580079065074
Train,0.7168,0.739426053660613
Train,0.2622,0.2569258047553674
Train,0.598,0.6204573237888589
Train,0.2908,0.28871570345190284
Train,0.0143,0.017741210773203224
Train,0.3417,0.34804351433338765
Train,0.1887,0.18923143784203506
Train,0.3356,0.34377641258533453
Train,0.5587,0.5604551224853663
Train,0.2288,0.2153382792721719
Train,0.1069,0.1050773429970631
Train,0.256,0.2586648116882734
Train,0.5846,0.5886467603811255
Train,0.0746,0.06882602249626048
Train,0.1496,0.15061328903047314
Train,0.6468,0.6386590526007386
Train,0.1256,0.12599173384326814
Train,0.5593,0.5688021018602527
Train,0.1187,0.12058624534817726
Train,0.1802,0.18200419522382316
Train,0.1445,0.13528830399621627
Train,0.3892,0.39060658015081867
Train,0.3287,0.33033359976217974
Train,0.603,0.6070323811185442
Train,0.1631,0.1600817621788325
Train,0.6865,0.6806717432654035
Train,0.388,0.39209705125923633
Train,0.5572,0.5609579201199103
Train,0.3181,0.3130709438675705
Train,0.0075,-0.0032984795624244083
Train,0.4548,0.45080488466333
Train,0.416,0.42253658385065634
Train,0.0024,-0.006978782136248243
Train,0.3019,0.30602888468298733
Train,0.119,0.11049151861938626
Train,0.7184,0.7109207591463601
Train,0.4469,0.4515243674204746
Train,0.5516,0.5486678664154284
Train,0.911,0.9257868439783812
Train,0.581,0.5824916306224788
Train,0.0861,0.09979251648674611
Train,0.0672,0.06684560790706992
Train,0.8992,0.8951522413694806
Train,0.7245,0.7208007336831442
Train,0.0033,0.0023068457699915515
Train,0.5926,0.5888493705771226
Train,0.366,0.3572481333899756
Train,0.187,0.17673282177291938
Train,0.1472,0.14217258800336885
Train,0.096,0.0962687595404971
Train,0.5149,0.5135972387690965
Train,0.1186,0.11241844007434836
Train,0.074,0.08900174427205249
Train,0.2675,0.267581270815093
Train,0.4073,0.4056452513674799
Train,0.9289,0.924958524285533
Train,0.3,0.3055059034615041
Train,0.934,0.9358986539401559
Train,0.1724,0.1658469174418915
Train,0.51,0.5144066121280286
Train,0.682,0.6726393031755256
Train,0.0181,0.01474131109486413
Train,0.4089,0.3552853734685661
Train,0.206,0.1992579531691998
Train,0.1272,0.12790346830793575
Train,0.6412,0.6418911975794935
Train,0.845,0.8406515103547405
Train,0.4543,0.43102208300052275
Train,0.542,0.5526573533545845
Train,0.2914,0.2929586442099618
Train,0.5212,0.5243102012759815
Train,0.5565,0.5538726736871548
Train,0.0317,0.02433437569232306
Train,0.1838,0.18916399547605078
Train,0.089,0.09370311208357625
Train,0.3695,0.36101830462664
Train,0.884,0.8803712536508264
Train,0.9361,0.9418257118499485
Train,0.3019,0.3032903697396474
Train,0.5855,0.5936252217214186
Train,0.3625,0.36300716607314176
Train,0.04,0.04046703101838787
Train,0.0162,0.0199004972421648
Train,0.2757,0.26995340061418255
Train,0.0403,0.04099790252092954
Train,0.56,0.5655515557897457
Train,0.2793,0.2740906491237834
Train,0.103,0.08947187075232535
Train,0.5533,0.5565652085186031
Train,0.77,0.7683809316362542
Train,0.7145,0.7095507110827274
Train,0.2628,0.2611851760499571
Train,0.6141,0.6048627408415375
Train,0.0306,0.03456584256821574
Train,0.638,0.6456591084695378
Train,0.475,0.4836753806187177
Train,0.327,0.3729317081756511
Train,0.977,0.9766315118018752
Train,0.066,0.07886159264354108
Train,0.431,0.43675737785872626
Train,0.74,0.7720935663092051
Train,0.41,0.41220608379558094
Train,0.4357,0.43895354771123085
Train,0.0881,0.08598898205475551
Train,0.6111,0.6185640044928029
Train,0.478,0.46605888965605896
Train,0.5523,0.5619222791216978
Train,0.0265,0.011385241952848202
Train,0.308,0.3770759537333997
Train,0.644,0.6806657133306176
Train,0.2015,0.19585115310009787
Train,0.8008,0.7957611984780252
Train,0.5113,0.5043710656179041
Train,0.1252,0.12739479464056488
Train,0.1805,0.18311896170138442
Train,0.429,0.4274680641705138
Train,0.6957,0.69672134728268
Train,0.118,0.12377129971910997
Train,0.0549,0.05531281333845378
Train,0.354,0.3543852028067286
Train,0.8835,0.8885945889392659
Train,0.0339,0.03561780248163462
Train,0.626,0.6131951916531233
Train,0.2877,0.289959863602903
Train,0.5704,0.5736497469491676
Train,0.2494,0.2746218243244845
Train,0.2243,0.22279665787464473
Train,0.8793,0.8856427957407409
Train,0.1828,0.18168373851614014
Train,0.824,0.8241077177026087
Train,0.2889,0.29016634657020307
Train,0.3647,0.38942758083466655
Train,0.795,0.7871900429922888
Train,0.4795,0.4805844008285469
Train,0.223,0.20896856522487514
Train,0.4256,0.42378162554006193
Train,0.7484,0.7072255789392781
Train,0.2821,0.2901416881913972
Train,0.2391,0.2421878089458818
Train,0.023,0.025976329429575992
Train,0.3243,0.3262855553339148
Train,0.0586,0.06110938147943776
Train,0.0114,0.008671964933413665
Train,0.1304,0.1339711700395208
Train,0.2289,0.22690610723664154
Train,0.7353,0.7328924308875383
Train,0.4065,0.3959428865985601
Train,0.1456,0.15539788652799436
Train,0.8759,0.8809334744123503
Train,0.4233,0.4093447186862979
Train,0.2044,0.20670522893054696
Train,0.374,0.3702437008171539
Train,0.3775,0.3785600167642422
Train,0.6382,0.6416844126837896
Train,0.295,0.3097223122048183
Train,0.3082,0.3062523799448447
Train,0.1539,0.1536089133528552
Train,0.202,0.2004296089516804
Train,0.275,0.27785928511525604
Train,0.3481,0.34898820352548543
Train,0.4159,0.41416186060294585
Train,0.6508,0.6452600101389985
Train,0.8134,0.8308779969906138
Train,0.4751,0.4713061903766383
Train,0.4171,0.40568051624303275
Train,0.2691,0.2633660738532944
Train,0.2638,0.2647418231396422
Train,0.6633,0.6255817820794111
Train,0.5518,0.5442663478354732
Train,0.1685,0.16615302272243362
Train,0.34,0.3383193806772734
Train,0.4109,0.41223649188165407
Train,0.5974,0.6119769244121745
Train,0.3829,0.38760686650393367
Train,0.3348,0.3359812487146165
Train,0.701,0.7157962413361074
Train,0.0506,0.05277303369331221
Train,0.179,0.1786216729703957
Train,0.7926,0.7909776747787236
Train,0.314,0.3347744614562486
Train,0.777,0.7749959035422608
Train,0.1636,0.1673248563305398
Train,0.5116,0.5129258463132378
Train,0.2807,0.2774170369003214
Train,0.2278,0.23646151407819344
Train,0.482,0.48562282576758947
Train,0.114,0.11658916248723253
Train,0.0696,0.07328705453145755
Train,0.8424,0.8393196653722874
Train,0.098,0.10416500372617607
Train,0.8026,0.8042293144010793
Train,0.678,0.6813439498164175
Train,0.7443,0.7339534368679124
Train,0.991,0.9668143534125363
Train,0.2143,0.21230668411838638
Train,0.0102,0.01259713633374491
Train,0.075,0.07522342420069342
Train,0.2919,0.2908473032717127
Train,0.3386,0.33934585730809663
Train,0.1752,0.16909025442659026
Train,0.5128,0.512307610623565
Train,0.0255,0.02788013500357877
Train,0.4091,0.40701525880898376
Train,0.795,0.7930214592900391
Train,0.1303,0.13178751213943488
Train,0.0296,0.02297690677011103
Train,0.1615,0.16262983247872187
Train,0.1388,0.13427379746976326
Train,0.7641,0.7438652393397374
Train,0.4,0.42417012010684435
Train,0.238,0.24047032314472208
Train,0.3185,0.3122360997634599
Train,0.9002,0.9000888272419645
Train,0.1924,0.19672736769408522
Train,0.8047,0.8043576624860217
Train,0.206,0.20866317300475845
Train,0.8376,0.8381563239242019
Train,0.1076,0.10355285017628475
Train,0.0869,0.0894278465753583
Train,0.759,0.7602828130868885
Train,0.1095,0.11201778184285743
Train,0.2349,0.23635727417944064
Train,0.0277,0.02362567316193526
Train,0.703,0.7016843785991996
Train,0.2802,0.2771804459739927
Train,0.573,0.5746209043110188
Train,0.0757,0.07865086920014593
Train,0.0955,0.09581927540278731
Train,0.8233,0.8434552742022584
Train,0.6919,0.6691698325186728
Train,0.2037,0.19994288533892082
Train,0.0579,0.05917219283517317
Train,0.175,0.1800086300515776
Train,0.1208,0.12142324631996912
Train,0.5374,0.5306555141447553
Train,0.701,0.7050655074867376
Train,0.5539,0.5414402502539184
Train,0.2225,0.21755071604406948
Train,0.4177,0.4122165397392037
Train,0.7438,0.7415897310297375
Train,0.2831,0.28268268197727775
Train,0.403,0.39967623893049403
Train,0.5269,0.5211800696839384
Train,0.0471,0.05127118990494493
Train,0.4708,0.47272532555956154
Train,0.3595,0.38130959648154467
Train,0.277,0.27889489497297787
Train,0.0588,0.059094069488170343
Train,0.446,0.44623681605119886
Train,0.6916,0.6799247361517956
Train,0.114,0.12175655110878485
Train,0.389,0.38447568680693694
Train,0.1058,0.10175252638397694
Train,0.0672,0.0724375869815811
Train,0.593,0.6023788034109123
Train,0.952,0.9424070852661951
Train,0.905,0.9111730016642553
Train,0.558,0.5689283947962762
Train,0.504,0.5156897191444019
Train,0.3679,0.36224655360377644
Train,0.384,0.3901265969880389
Train,0.2451,0.24538981697431822
Train,0.0107,0.01431052188385481
Train,0.9342,0.8900382845360773
Train,0.4734,0.47159378087623915
Train,0.0635,0.059238707110564795
Train,0.5321,0.5329997497655249
Train,0.5621,0.5675550945167248
Train,0.5564,0.5519279801840796
Train,0.2338,0.22949036496702532
Train,0.19,0.19299123857280584
Train,0.6478,0.649632041688139
Train,0.1306,0.13325210250255054
Train,0.392,0.3648096609761218
Train,0.3444,0.3438077863270464
Train,0.76,0.7255937627953782
Train,0.493,0.5189502902500668
Train,0.0715,0.06788693531602363
Train,0.0338,0.029341048080697343
Train,0.417,0.422553666950898
Train,0.1267,0.1235814938879041
Train,0.8,0.7975888427636474
Train,0.1338,0.13043501800895727
Train,0.135,0.13305858428127904
Train,0.4106,0.4180313152745319
Train,0.8585,0.8664082718763159
Train,0.7731,0.7812741440453297
Train,0.1003,0.10960122723107608
Train,0.0912,0.0912880929113697
Train,0.7421,0.7291199057663182
Train,0.8411,0.846444421753382
Train,0.2646,0.2639074598140994
Train,0.03,0.0333366189756666
Train,0.8838,0.8895709241734309
Train,0.1802,0.1807693537005466
Train,0.2173,0.22408510801262754
Train,0.4561,0.45824867815607223
Train,0.1168,0.1465260777522478
Train,0.962,0.9547435582227652
Train,0.1301,0.15002111846047023
Train,0.1483,0.1411154396764956
Train,0.0744,0.06794675130477101
Train,0.7387,0.7181278809143816
Train,0.277,0.2707563772647256
Train,0.3754,0.37882494981603326
Train,0.0428,0.04399735109189582
Train,0.1052,0.10476920937261927
Train,0.8553,0.8441912703186183
Train,0.6108,0.6120901686750125
Train,0.3479,0.3465387603382948
Train,0.7667,0.7649770599481024
Train,0.116,0.11318592020802236
Train,0.2471,0.261610094142382
Train,0.0023,-0.0027395038748971095
Train,0.1843,0.1864168965935135
Train,0.491,0.48221826383232264
Train,0.5485,0.5518857251693496
Train,0.839,0.8376354595807909
Train,0.154,0.15119900320751453
Train,0.2107,0.21893542809366381
Train,0.5949,0.6131673946119718
Train,0.7294,0.724805974090789
Train,0.4952,0.4585847942263682
Train,0.2539,0.2597990282117971
Train,0.5698,0.5675558167273153
Train,0.5365,0.5356428414921406
Train,0.4322,0.42682069564583514
Train,0.4916,0.4756437904085033
Train,0.0576,0.06289029967971889
Train,0.0508,0.04509066437671496
Train,0.4971,0.49194711828626037
Train,0.3092,0.3073155186351344
Train,0.2151,0.2134798144785219
Train,0.8307,0.8416940429781715
Train,0.0338,0.036242133296210684
Train,0.2529,0.2507387518446701
Train,0.4332,0.42680650951045246
Train,0.3759,0.3883000261196019
Train,0.0461,0.04480214596341738
Train,0.7181,0.7262394337653675
Train,0.8543,0.8535170773409897
Train,0.0199,0.016515667602268254
Train,0.1329,0.13362812742850322
Train,0.078,0.07987773181177626
Train,0.1009,0.10292691056464828
Train,0.0271,0.02332290746200308
Train,0.1123,0.11028379673701093
Train,0.788,0.8119404649958831
Train,0.2758,0.280654198611338
Train,0.6787,0.6707408607484406
Train,0.736,0.7469280228852163
Train,0.292,0.29544231230502593
Train,0.0748,0.07592278216011442
Train,0.4661,0.46614420330182876
Train,0.3251,0.3210951902007386
Train,0.0581,0.05652619973567805
Train,0.2525,0.25562368159078036
Train,0.2366,0.22953154653376653
Train,0.3708,0.37478296389951715
Train,0.542,0.5478807971341644
Train,0.063,0.0620429408320192
Train,0.0577,0.055940138514242954
Train,0.2997,0.30584154612225606
Train,0.5161,0.5044353092638414
Train,0.9426,0.9088455797688532
Train,0.5819,0.604015194409184
Train,0.8723,0.884323910544561
Train,0.7789,0.7608836389382918
Train,0.183,0.18101845724916985
Train,0.1208,0.11834038500860185
Train,0.273,0.27750435844886195
Train,0.6351,0.6112024954074806
Train,0.668,0.6683874778560072
Train,0.7008,0.6981139109318252
Train,0.859,0.8653265183045643
Train,0.2853,0.2878367026118837
Train,0.7428,0.757511208844857
Train,0.3938,0.3923333988610578
Train,0.703,0.6990351837076865
Train,0.0722,0.07975361658108929
Train,0.337,0.34004696622291447
Train,0.0062,0.00463729125563821
Train,0.1374,0.13710235530833476
Train,0.2339,0.21336271624373468
Train,0.8597,0.8651978950642961
Train,0.1267,0.12399710616541386
Train,0.7845,0.8205534815800387
Train,0.1651,0.1663576509223979
Train,0.865,0.859355373431333
Train,0.0628,0.055618626900664304
Train,0.4341,0.43167402715142394
Train,0.156,0.14656833758377144
Train,0.1235,0.1308980720824468
Train,0.9165,0.912144643172094
Train,0.26,0.2542255371636383
Train,0.2232,0.22336273182433558
Train,0.8939,0.8869354480716178
Train,0.899,0.8893225250635394
Train,0.0237,0.023256678112291682
Train,0.356,0.38018141905020675
Train,0.2353,0.23666021321523908
Train,0.7567,0.7603316762837207
Train,0.4809,0.4732229922658786
Train,0.1925,0.1951103048420349
Train,0.1818,0.18245313339697053
Train,0.456,0.45755098089944396
Train,0.075,0.08596983625361607
Train,0.9451,0.9254434111742788
Train,0.308,0.3108035327197142
Train,0.0497,0.051198983777953136
Train,0.4423,0.43221388191690496
Train,0.5847,0.5962655716364502
Train,0.5643,0.5558253965574067
Train,0.4789,0.46928302627281115
Train,0.3589,0.34553967404832275
Train,0.023,0.027589922915703533
Train,0.841,0.8434940140270459
Train,0.049,0.045062865940276295
Train,0.2174,0.215205023191469
Train,0.4321,0.42044011463568676
Train,0.0205,0.02027015988413466
Train,0.776,0.777770354574837
Train,0.3084,0.3070739501906321
Train,0.0738,0.07990879115356124
Train,0.6974,0.6976632146891362
Train,0.905,0.8794741722470691
Train,0.2969,0.3039232878345323
Train,0.0241,0.0237120126735597
Train,0.2633,0.2661863955715439
Train,0.2428,0.24055156579657466
Train,0.0677,0.0653825128478515
Train,0.2873,0.2638842424715206
Train,0.1726,0.19208162501622356
Train,0.0354,0.028880542843847955
Train,0.3788,0.37860572675760473
Train,0.3012,0.30622811255610377
Train,0.9383,0.9242905917926281
Train,0.0952,0.0976627317242396
Train,0.6921,0.6994334141659628
Train,0.2095,0.20001040072778323
Train,0.2004,0.20153914494317252
Train,0.5356,0.5189025889904749
Train,0.3623,0.35299738407306624
Train,0.2814,0.27727526759212384
Train,0.707,0.6699344260321398
Train,0.4144,0.4223105165854492
Train,0.0191,0.008848788726672852
Train,0.0323,0.03288061839803224
Train,0.6722,0.6792846647081745
Train,0.346,0.3428329062022788
Train,0.2651,0.2681544358245462
Train,0.853,0.8488802660340132
Train,0.1802,0.1825893546778608
Train,0.703,0.7033483163997509
Train,0.1463,0.1471097572027813
Train,0.1055,0.11522889382067007
Train,0.6,0.5972874623802072
Train,0.2213,0.20659947021055858
Train,0.485,0.4692289396703157
Train,0.2779,0.28375091078747827
Train,0.8976,0.8577265798495866
Train,0.1051,0.10342022829350603
Train,0.1094,0.10474180511929819
Train,0.177,0.17655758979505437
Train,0.3018,0.30512355679148845
Train,0.1181,0.12006401355304445
Train,0.8227,0.8277088585134712
Train,0.252,0.2404276173523746
Train,0.5657,0.570828532277034
Train,0.7019,0.7305807724200646
Train,0.0501,0.04732835063243814
Train,0.1043,0.10533909637452225
Train,0.3417,0.3477615502953115
Train,0.4252,0.4211593427633924
Train,0.1716,0.14982230779211275
Train,0.35,0.33693615470969634
Train,0.8521,0.8515239193093747
Train,0.8102,0.8065313178831475
Train,0.5156,0.5135913064158534
Train,0.2715,0.26199960042465925
Train,0.0814,0.10129546609271672
Train,0.0265,0.025417245923315894
Train,0.0181,0.013947379401602797
Train,0.1325,0.13450362158346554
Train,0.3459,0.34995187805358047
Train,0.7718,0.7784144499810344
Train,0.4382,0.4348674432447291
Train,0.2014,0.2028532404400745
Train,0.03,0.02906220912777169
Train,0.0957,0.09996690560946726
Train,0.839,0.850805621491961
Train,0.399,0.3811588526433568
Train,0.2447,0.24778776103852182
Train,0.699,0.6968883576631726
Train,0.4035,0.40462574452094063
Train,0.286,0.2669056592619094
Train,0.2473,0.25401183602002636
Train,0.214,0.20433707240632085
Train,0.3318,0.32884667360168746
Train,0.637,0.6192017720517707
Train,0.66,0.667442274566822
Train,0.7556,0.7486895632039128
Train,0.648,0.651746246406175
Train,0.286,0.2507499577182443
Train,0.3484,0.3508344585485157
Train,0.3851,0.388256075566534
Train,0.436,0.4406672226244654
Train,0.2023,0.20386013122000557
Train,0.3055,0.31502415167719977
Train,0.1635,0.16556795044924774
Train,0.9209,0.9231866238032533
Train,0.5977,0.5943668783692962
Train,0.5609,0.5548866607554513
Train,0.2611,0.2653014964276147
Train,0.35,0.34772433048989937
Train,0.2663,0.2675616236973194
Train,0.66,0.6644281567598022
Train,0.5541,0.5558747490593228
Train,0.0086,0.01173356434585098
Train,0.3912,0.39041294241330066
Train,0.1409,0.14038350534889604
Train,0.8208,0.8252241683819662
Train,0.805,0.8006543398329893
Train,0.3817,0.37211562811189297
Train,0.3522,0.3520632499989411
Train,0.568,0.56651527152107
Train,0.3742,0.36085242588111943
Train,0.5748,0.5919684412657037
Train,0.368,0.37300889288636646
Train,0.5588,0.5617210717733203
Train,0.5487,0.5483964786462344
Train,0.043,0.045679956125978395
Train,0.2407,0.24647372652318827
Train,0.3456,0.34101721057176176
Train,0.06,0.061518716946012506
Train,0.1704,0.17149723307127823
Train,0.2811,0.2775506695020639
Train,0.0259,0.02474379024156924
Train,0.6236,0.6279714922862177
Train,0.0205,0.020039126322063516
Train,0.2258,0.22138722907838188
Train,0.1208,0.12642760747372658
Train,0.1735,0.16867609436085454
Train,0.8762,0.8731737540328982
Train,0.4083,0.41013478819462296
Train,0.341,0.3402880709306196
Train,0.2359,0.23533775940588916
Train,0.8144,0.8251787203142763
Train,0.5622,0.5718870668715175
Train,0.9,0.9067600655677054
Train,0.1592,0.15554366937698821
Train,0.524,0.5469276704509307
Train,0.663,0.6719833053283424
Train,0.59,0.5880149452184341
Train,0.3571,0.3581395596454139
Train,0.707,0.7107008752955821
Train,0.2843,0.27566010610262404
Train,0.7338,0.7234583612542754
Train,0.675,0.7022558807829911
Train,0.4458,0.4464256239764071
Train,0.2281,0.22236619223917578
Train,0.637,0.5996863474889473
Train,0.0595,0.05891640672632641
Train,0.187,0.18617635913568853
Train,0.755,0.7485096873502889
Train,0.2811,0.2821548296391747
Train,0.1164,0.11877051567234727
Train,0.7885,0.7632933790541944
Train,0.045,0.043362045544946076
Train,0.0383,0.046345496813384034
Train,0.0558,0.06083225822443008
Train,0.188,0.18782053487682746
Train,0.0619,0.057626425597606445
Train,0.0773,0.07600706225387435
Train,0.452,0.44885138784182343
Train,0.0123,0.016101561439369517
Train,0.0779,0.0801184497500753
Train,0.2658,0.2633411848868848
Train,0.4097,0.417063593420544
Train,0.5059,0.5056208173924153
Train,0.8897,0.8961142333928183
Train,0.1215,0.11529249356200047
Train,0.3638,0.35934270988721234
Train,0.3907,0.3942946866058596
Train,0.5887,0.5920884509158033
Train,0.5926,0.5418218357993482
Train,0.46,0.4830912704819151
Train,0.5568,0.560313006446133
Train,0.2417,0.2411113686788892
Train,0.3512,0.3535111150886986
Train,0.7449,0.7709261453474204
Train,0.5124,0.5266640637646152
Train,0.2635,0.26143577479913666
Train,0.9241,0.8915745105184527
Train,0.2664,0.2803685374981531
Train,0.738,0.7408799846889287
Train,0.668,0.6654590090098929
Train,0.0375,0.03835299926703446
Train,0.2365,0.237876381555949
Train,0.343,0.35324846402284393
Train,0.089,0.07815393750387623
Train,0.9156,0.8859336728988865
Train,0.6358,0.645488757214005
Train,0.3814,0.38112085655688177
Train,0.1308,0.1310771629166837
Train,0.491,0.501489236902611
Train,0.4978,0.49454402933951586
Train,0.622,0.619204941078978
Train,0.0911,0.09250282753867477
Train,0.795,0.7804774703711815
Train,0.7842,0.7825214425760275
Train,0.1362,0.13394292849386055
Train,0.3504,0.3516423328403743
Train,0.088,0.08571565039276938
Train,0.2435,0.24523912263502334
Train,0.1226,0.2667887874103656
Train,0.8434,0.8172104734442386
Train,0.4202,0.4031615940755817
Train,0.6813,0.6835747094854195
Train,0.6949,0.6940962188410984
Train,0.244,0.24196457205034144
Train,0.245,0.24199239932725825
Train,0.0394,0.05178667052201043
Train,0.796,0.7972238730441854
Train,0.4154,0.4141391455221298
Train,0.192,0.1951161442217455
Train,0.7073,0.6976387410656797
Train,0.7673,0.7813969630653246
Train,0.1065,0.10631898848833582
Train,0.3236,0.3169813104133179
Train,0.3255,0.3191810410286982
Train,0.5706,0.5658403396821866
Train,0.124,0.11979852962505144
Train,0.795,0.7940248198591447
Train,0.1477,0.1492867411490889
Train,0.0851,0.08706773731428807
Train,0.4218,0.422788787189975
Train,0.225,0.2244962501607928
Train,0.771,0.7666315511878053
Train,0.9041,0.899041670506823
Train,0.4679,0.46664090129222635
Train,0.0645,0.0644680511303163
Train,0.8561,0.8512315563611494
Train,0.444,0.45730839674942
Train,0.0353,0.041414468124706276
Train,0.286,0.28350314293921824
Train,0.1929,0.1955901986566332
Train,0.869,0.8696847087707985
Train,0.2813,0.279618963406529
Train,0.3616,0.36170273092413807
Train,0.8411,0.7800572674056943
Train,0.5587,0.5539374676866261
Train,0.927,0.9269736208776869
Train,0.3284,0.3392090064969341
Train,0.2606,0.26123809894492367
Train,0.1257,0.12546235497467195
Train,0.5341,0.5139027301914503
Train,0.2832,0.2874317989932546
Train,0.0479,0.04149000941863854
Train,0.1913,0.19274750118671485
Train,0.2418,0.24091638097277474
Train,0.1337,0.13902499371183172
Train,0.144,0.14932449519009466
Train,0.347,0.3418441069810082
Train,0.4818,0.4842399653469393
Train,0.1135,0.15254531047659706
Train,0.3503,0.3693749601573887
Train,0.1289,0.12509301830881367
Train,0.7476,0.7427342026370197
Train,0.8449,0.8525614415030447
Train,0.6562,0.6734328022472424
Train,0.2367,0.23682451635786128
Train,0.0499,0.04859883211543044
Train,0.195,0.18320032199553796
Train,0.141,0.14253221947294772
Train,0.2512,0.2577415933188434
Train,0.2395,0.23941458357033618
Train,0.0238,0.029638181946785375
Train,0.371,0.361007835114753
Train,0.5094,0.4677611459053902
Train,0.7676,0.7770247655707088
Train,0.6462,0.6430796885084253
Train,0.317,0.3114290959221594
Train,0.5611,0.5553480785298475
Train,0.2945,0.29939853960574014
Train,0.4999,0.5006057726237472
Train,0.952,0.9372545838744387
Train,0.171,0.16706105822148468
Train,0.6676,0.6700533353925051
Train,0.694,0.6764382115722725
Train,0.915,0.921018483710268
Train,0.1708,0.16454906653984278
Train,0.4101,0.40785713117562494
Train,0.2426,0.24706178784045887
Train,0.286,0.280606717979093
Train,0.7363,0.7319767337615358
Train,0.3758,0.37129523328943037
Train,0.1009,0.10053635808373476
Train,0.4489,0.4488156122483205
Train,0.1851,0.16885896247025986
Train,0.2628,0.2555521503829284
Train,0.601,0.604290234102175
Train,0.31,0.3257886582529474
Train,0.8437,0.8384230746897084
Train,0.0209,0.028902214708969223
Train,0.3229,0.31983366132235685
Train,0.42,0.41487533870757115
Train,0.01,0.0024281696536931716
Train,0.1647,0.16709219188654967
Train,0.073,0.0703507471892151
Train,0.233,0.21638038866408987
Train,0.245,0.2428399219300527
Train,0.6633,0.6631021825281184
Train,0.1022,0.10247334309067364
Train,0.2857,0.2879585210398605
Train,0.186,0.18334934902096253
Train,0.1573,0.15005432645342545
Train,0.143,0.14240598765260587
Train,0.5329,0.5371509694579694
Train,0.2813,0.276538236786678
Train,0.3189,0.31517531991387704
Train,0.3242,0.32287756389998706
Train,0.426,0.42296938931446804
Train,0.187,0.18520337521538857
Train,0.2533,0.25844981176107
Train,0.6555,0.6547965220796425
Train,0.3302,0.3368290188887756
Train,0.2035,0.19738352507791904
Train,0.75,0.7645372409557223
Train,0.1308,0.11051108119551917
Train,0.6387,0.6352382615418546
Train,0.666,0.6818704066111716
Train,0.181,0.1816768619460468
Train,0.1487,0.1512037620211677
Train,0.513,0.5160026429619369
Train,0.7516,0.7448037869895958
Train,0.3703,0.3670240815282465
Train,0.1508,0.16206197871679956
Train,0.6379,0.6387008427387286
Train,0.4263,0.43163740581014703
Train,0.041,0.040435504759839674
Train,0.5816,0.5662228796341026
Train,0.409,0.41492172979466074
Train,0.7085,0.7097392660946907
Train,0.1458,0.15204647867125212
Train,0.588,0.5857544812532749
Train,0.4134,0.4164697758110089
Train,0.2124,0.217634785587617
Train,0.7805,0.7858668114774531
Train,0.2184,0.21587250616181244
Train,0.9071,0.9104052196139346
Train,0.7211,0.7320419233386858
Train,0.0849,0.08386554301896888
Train,0.3838,0.3837638969003172
Train,0.2205,0.22166772148520736
Train,0.5825,0.5810047056239148
Train,0.7359,0.7466349678558235
Train,0.3597,0.36534642624879443
Train,0.142,0.14271024448843586
Train,0.4039,0.41030057809651443
Train,0.5629,0.5742632909419432
Train,0.0788,0.07730279871439438
Train,0.495,0.5044610822687485
Train,0.525,0.5317548171809664
Train,0.2735,0.2692713572258945
Train,0.3144,0.3010485329491768
Train,0.0513,0.047395216595737845
Train,0.1824,0.18252916443699382
Train,0.0915,0.08749982998163028
Train,0.853,0.8471344161466188
Train,0.0972,0.09518966223020471
Train,0.375,0.44332588035719545
Train,0.0781,0.07594790843650409
Train,0.7406,0.75003147205721
Train,0.7504,0.7529108860630637
Train,0.5457,0.5527563209109554
Train,0.304,0.28663947207256507
Train,0.4993,0.5182465587586708
Train,0.014,0.024906859595610897
Train,0.0704,0.07165427852361543
Train,0.3154,0.31830858665325895
Train,0.0314,0.03900568542511077
Train,0.1984,0.19886380256416505
Train,0.8778,0.8691855530633424
Train,0.29,0.28620145213179005
Train,0.762,0.7609034647505101
Train,0.108,0.1095961999392446
Train,0.274,0.27931566631691535
Train,0.8792,0.84824193399462
Train,0.0586,0.05359982386209749
Train,0.5695,0.5675115746348999
Train,0.2807,0.27856915647381686
Train,0.8683,0.8662384074784166
Train,0.0173,0.017169544311522546
Train,0.0335,0.02306043868297173
Train,0.7472,0.7591418767351501
Train,0.4,0.4429645299299232
Train,0.777,0.7555091702084165
Train,0.4626,0.45823031555948057
Train,0.102,0.10739692343219982
Train,0.104,0.11114422671267714
Train,0.0447,0.04717863538244538
Train,0.2939,0.29313702534755326
Train,0.292,0.2957102758148144
Train,0.1253,0.12186556314039926
Train,0.0593,0.07519225998945604
Train,0.2748,0.28046407600444023
Train,0.5842,0.5838957337300291
Train,0.0801,0.06878025935006607
Train,0.6212,0.6148696900047889
Train,0.256,0.25775221236495605
Train,0.4834,0.458213140831411
Train,0.9002,0.8806596583621292
Train,0.4577,0.46211082672404896
Train,0.3988,0.3878082046651715
Train,0.0668,0.07343618130589866
Train,0.8007,0.8106908868271595
Train,0.6636,0.6617965430785956
Train,0.87,0.8696434192237238
Train,0.3202,0.3233469632385024
Train,0.5719,0.58274839301937
Train,0.881,0.86990081552819
Train,0.567,0.571353733623982
Train,0.0068,0.0084474299687631
Train,0.7096,0.6946404608141955
Train,0.6069,0.6069181731407016
Train,0.163,0.16145959918835562
Train,0.1789,0.18864499969267606
Train,0.2911,0.28821588160665007
Train,0.758,0.7501646383234408
Train,0.6222,0.6229109910109543
Train,0.1669,0.16705048487525642
Train,0.0976,0.09727323644341714
Train,0.0493,0.05308068768261821
Train,0.2615,0.26343771654332243
Train,0.4707,0.47191757774075954
Train,0.322,0.324170198902258
Train,0.4276,0.43372053133830607
Train,0.4077,0.4176926204412328
Train,0.5138,0.5127289386618241
Train,0.2594,0.24316795736924018
Train,0.2555,0.2572536911558995
Train,0.1861,0.1942896043973222
Train,0.0146,0.019910581749835204
Train,0.5637,0.5948272483020719
Train,0.781,0.7930692967382523
Train,0.7105,0.7124586282456438
Train,0.2316,0.24588415137014533
Train,0.2396,0.23620598078063954
Train,0.0725,0.07669174659769437
Train,0.6102,0.6100159601577096
Train,0.367,0.3801756463044095
Train,0.423,0.43641395167406827
Train,0.0757,0.08314470087483489
Train,0.52,0.5033559092307133
Train,0.311,0.311151551474541
Train,0.2855,0.2808006359888576
Train,0.0866,0.08658903026436118
Train,0.0069,-0.012248807611877069
Train,0.0449,0.052981595871854505
Train,0.14,0.1459763389358409
Train,0.0678,0.055697628927370284
Train,0.0028,-0.002096509367113081
Train,0.2414,0.23704714152035133
Train,0.1337,0.12503719605461333
Train,0.1753,0.17483568662603222
Train,0.3278,0.33393338873834516
Train,0.51,0.5782692182448409
Train,0.6206,0.6119851181346576
Train,0.3754,0.35530071124757945
Train,0.5045,0.5022717081160532
Train,0.8944,0.8783769575367315
Train,0.7841,0.7988234728671113
Train,0.7274,0.7355914363099944
Train,0.5952,0.5899198935803791
Train,0.2895,0.29774338935994016
Train,0.3749,0.3749396649226056
Train,0.5226,0.5336978464632013
Train,0.9121,0.8930632779101089
Train,0.6657,0.6535788413432299
Train,0.2437,0.24491256296496902
Train,0.1471,0.1435915700845389
Train,0.0936,0.099687866618677
Train,0.595,0.5619862141275843
Train,0.905,0.8657328641522345
Train,0.5599,0.5512213060544658
Train,0.3668,0.35719083302012267
Train,0.0609,0.09173884994669772
Train,0.043,0.04319751448046388
Train,0.255,0.25476136761569684
Train,0.1393,0.13417907938965662
Train,0.977,0.948801068354551
Train,0.0954,0.10742962646126357
Train,0.3062,0.3090182590300654
Train,0.513,0.5181051945231558
Train,0.6641,0.6747302840793031
Train,0.1267,0.1268819391004956
Train,0.4826,0.47474313841855187
Train,0.0542,0.05096222607001299
Train,0.7257,0.7300071156830421
Train,0.8412,0.8277187924270787
Train,0.2858,0.27630591811924865
Train,0.5102,0.5136714985805052
Train,0.6102,0.6010401604664563
Train,0.2024,0.2003120823757416
Train,0.0788,0.06389824640662835
Train,0.307,0.32378145075979164
Train,0.2055,0.20528305982339054
Train,0.2629,0.2566617763111106
Train,0.4475,0.4457699370759945
Train,0.1725,0.16994600984621905
Train,0.2654,0.24625184269183054
Train,0.0069,-0.014095723175501767
Train,0.0822,0.08449420144329645
Train,0.755,0.7267534480064513
Train,0.319,0.31975152933357903
Train,0.2046,0.21669699898335187
Train,0.0525,0.05545995745208212
Train,0.022,0.029381514866370282
Train,0.691,0.734066076878848
Train,0.1794,0.17282094089922018
Train,0.8701,0.8660892437185725
Train,0.0671,0.09222222737655296
Train,0.0954,0.09608425830269966
Train,0.7597,0.7363821148731948
Train,0.1467,0.15691597790407513
Train,0.037,0.03778295980070808
Train,0.5746,0.5685723336414187
Train,0.0811,0.08457825744164378
Train,0.7804,0.7897507274716772
Train,0.8229,0.8126863593777692
Train,0.6803,0.6781963666757133
Train,0.6571,0.6269246730964908
Train,0.856,0.8555742541985034
Train,0.164,0.17834771161209462
Train,0.3407,0.3394999687686479
Train,0.2635,0.2573260789378077
Train,0.1301,0.1359406070092466
Train,0.0106,-0.006628309745245007
Train,0.6341,0.638622912501427
Train,0.6462,0.652870524108665
Train,0.116,0.12089590930923344
Train,0.0209,0.021265144018697838
Train,0.149,0.1571586737176879
Train,0.4667,0.46887969005196467
Train,0.5835,0.5781250749800455
Train,0.4327,0.4381541794354402
Train,0.7384,0.7222253875914126
Train,0.4804,0.47957878870519427
Train,0.0938,0.10341769310826265
Train,0.57,0.6172296223063063
Train,0.9132,0.9104576176097194
Train,0.2315,0.22873809113922866
Train,0.1986,0.19967039000214956
Train,0.3172,0.31700948247119876
Train,0.0577,0.06184928297368306
Train,0.818,0.7893744814908669
Train,0.617,0.6287375909478372
Train,0.2597,0.2540840086790909
Train,0.1375,0.1420574096174891
Train,0.4555,0.46151306131236886
Train,0.0382,0.03218564422274101
Train,0.0665,0.08810606951625291
Train,0.3211,0.3222877332897023
Train,0.3483,0.34413647139693326
Train,0.8291,0.8357557583693551
Train,0.2051,0.22458164708009118
Train,0.5305,0.5318797402015756
Train,0.552,0.5499537537877501
Train,0.0311,0.03633484767183723
Train,0.806,0.7906563948516563
Train,0.0437,0.04277246627165918
Train,0.315,0.3145069668969791
Train,0.0343,0.03465654671499207
Train,0.437,0.44647562186275747
Train,0.2243,0.22568996981838765
Train,0.2474,0.24693439787899607
Train,0.598,0.6068585868138642
Train,0.6432,0.6430822013950847
Train,0.4368,0.43108320652471166
Train,0.4286,0.42256931838732203
Train,0.4415,0.43785684911146977
Train,0.3948,0.39675674989898757
Train,0.763,0.7471199629852026
Train,0.0475,0.08276460948667141
Train,0.3386,0.32363014217414404
Train,0.0779,0.07938794079991231
Train,0.1964,0.19843513275939578
Train,0.4254,0.4393045836720622
Train,0.0345,0.029865204732283077
Train,0.5995,0.6116675387914129
Train,0.1484,0.14720945113184955
Train,0.846,0.8299986227049256
Train,0.7313,0.7282388027713479
Train,0.2007,0.19624041775806092
Train,0.0165,0.00029876045530112354
Train,0.0673,0.06721521695618426
Train,0.412,0.4076034382842283
Train,0.471,0.4775423184050227
Train,0.2228,0.21888035703130673
Train,0.1945,0.19182777231451328
Train,0.1132,0.1105776193147062
Train,0.8488,0.8422470384304308
Train,0.4521,0.4768316005727349
Train,0.2486,0.2356034124321158
Train,0.1194,0.12103063418357499
Train,0.2099,0.2070453208388192
Train,0.409,0.4131973919075852
Train,0.0625,0.0632769450921851
Train,0.251,0.24905006022848994
Train,0.4381,0.4433640329465232
Train,0.3471,0.3516343129703534
Train,0.549,0.5434032315186849
Train,0.9071,0.912891708759078
Train,0.4517,0.45585149510588224
Train,0.8569,0.8476273377533469
Train,0.7152,0.7246868347727528
Train,0.3003,0.3059792808978732
Train,0.2215,0.22363033363936452
Train,0.4248,0.42236328283579655
Train,0.175,0.17606774534445077
Train,0.0349,0.03275010958406538
Train,0.5728,0.5676962717197093
Train,0.1057,0.10381893153008627
Train,0.2651,0.26233544940144116
Train,0.0519,0.04241171062833253
Train,0.897,0.8756729986188131
Train,0.4209,0.4216141502322345
Train,0.2235,0.22447613854459622
Train,0.3842,0.3827621217299628
Train,0.6406,0.6398358244250562
Train,0.892,0.8713735548657005
Train,0.778,0.7658236558724036
Train,0.0272,0.04398597744204272
Train,0.1161,0.11612560629459374
Train,0.3047,0.2975110846859043
Train,0.474,0.46883298317562383
Train,0.2549,0.2533357080133921
Train,0.8541,0.8490537672323833
Train,0.465,0.47108771617511386
Train,0.099,0.09666123877010264
Train,0.2818,0.2787681385459052
Train,0.7438,0.7469858703198566
Train,0.4077,0.410158561066665
Train,0.019,0.02074130528788192
Train,0.5918,0.5780873009441387
Train,0.1445,0.15692514632211726
Train,0.307,0.3053359974740608
Train,0.5459,0.5458957807001562
Train,0.787,0.7722866371911612
Train,0.4823,0.47060709842288523
Train,0.0451,0.04203548629075759
Train,0.5043,0.49555933816733444
Train,0.348,0.3623506948571978
Train,0.6081,0.6094672063309801
Train,0.5327,0.5377009481773507
Train,0.1355,0.13199612936604782
Train,0.664,0.6603507306388328
Train,0.6232,0.6096394061134119
Train,0.4279,0.4240269245396141
Train,0.1492,0.14635568580439948
Train,0.517,0.5159718336133138
Train,0.2351,0.23597051053422904
Train,0.509,0.5023668093430714
Train,0.0528,0.04168708780791711
Train,0.625,0.6216683749281638
Train,0.0699,0.06686246775471053
Train,0.6572,0.6324606352978173
Train,0.991,0.9274435322016276
Train,0.7232,0.7424409373697431
Train,0.4329,0.43177770560389755
Train,0.227,0.22636726018641937
Train,0.5999,0.5406468866155079
Train,0.1459,0.14577227868080195
Train,0.2615,0.2585339441388828
Train,0.4446,0.44874130216019265
Train,0.3252,0.31801727141287484
Train,0.7006,0.7058252461234372
Train,0.096,0.09641145622203023
Train,0.7676,0.7396358710584438
Train,0.9143,0.8808243010807217
Train,0.7084,0.7115800764010003
Train,0.2346,0.23793869788473312
Train,0.533,0.5421018189238626
Train,0.6153,0.6171543229949836
Train,0.1985,0.19648951284642582
Train,0.0873,0.11187493866822029
Train,0.4057,0.39683792371762733
Train,0.3832,0.36216524787667814
Train,0.457,0.4570608413192136
Train,0.2595,0.2601313074242754
Train,0.5027,0.49984779169185156
Train,0.1073,0.10718774813361343
Train,0.019,0.016095659369649462
Train,0.794,0.8064632871579873
Train,0.1602,0.1621587696747789
Train,0.3097,0.32838735703899
Train,0.1028,0.10664190851239704
Train,0.6766,0.6739349469052713
Train,0.768,0.7625217121326465
Train,0.6637,0.6656259857219228
Train,0.1753,0.17280240567244193
Train,0.4353,0.42165964332956357
Train,0.0686,0.0542814965761411
Train,0.0825,0.0862865231535689
Train,0.261,0.25576080264727535
Train,0.2083,0.21340368626620548
Train,0.8468,0.8586239915929164
Train,0.0951,0.09319990986876013
Train,0.0169,0.02766516322561903
Train,0.1973,0.1970319316343875
Train,0.6937,0.7178102354994359
Train,0.339,0.3420997382709135
Train,0.4222,0.42079994577605684
Train,0.0898,0.08516595198693812
Train,0.3031,0.30509128689718346
Train,0.0558,0.05489345254770224
Train,0.188,0.18691198032419734
Train,0.0054,0.002328811856481254
Train,0.0978,0.09492236461264214
Train,0.1972,0.18609019441728264
Train,0.4978,0.4846907863856407
Train,0.691,0.7248091149506783
Train,0.3133,0.31160595269983116
Train,0.702,0.6959429728124686
Train,0.132,0.12971446457003163
Train,0.1685,0.15927678852144897
Train,0.1172,0.1159336490734747
Train,0.6048,0.6052146810253144
Train,0.3216,0.3259458245763929
Train,0.552,0.5447532269456787
Train,0.2076,0.20732672161420052
Train,0.339,0.33894430114529317
Train,0.1164,0.11303472437567093
Train,0.8311,0.8205779274608249
Train,0.8741,0.8839092199992424
Train,0.0845,0.08524606127168095
Train,0.1816,0.18854907517236816
Train,0.5647,0.5782952164581987
Train,0.8064,0.8025458921109699
Train,0.217,0.210750657676511
Train,0.9141,0.8950128837107888
Train,0.0358,0.04394032198760422
Train,0.322,0.31318091891518873
Train,0.3247,0.3323287799266326
Train,0.5898,0.5773130404106501
Train,0.779,0.7740751801100481
Train,0.2351,0.23535295367102865
Train,0.9052,0.9061124217884198
Train,0.8938,0.9024813653961208
Train,0.7184,0.7213642088132892
Train,0.1713,0.1904273216633353
Train,0.4843,0.5128778760982613
Train,0.4147,0.413307513890102
Train,0.2399,0.2387231879081363
Train,0.3806,0.3738328687583189
Train,0.086,0.08515707136582613
Train,0.2315,0.22772521249382752
Train,0.8984,0.8927189007379513
Train,0.367,0.3768256294692361
Train,0.3402,0.344221323513369
Train,0.4052,0.40669975135756264
Train,0.812,0.8171202224449775
Train,0.5916,0.631553130599256
Train,0.6397,0.6333179829249928
Train,0.1442,0.1601824872129432
Train,0.859,0.8626448106393115
Train,0.3727,0.36817969116559646
Train,0.2,0.199827629968961
Train,0.0981,0.12089581115586731
Train,0.2681,0.26402569011731764
Train,0.374,0.3740461669412882
Train,0.0344,0.036335150507283455
Train,0.098,0.09996028724046105
Train,0.7457,0.741807505242566
Train,0.5184,0.5150717276955582
Train,0.8355,0.8244097517455544
Train,0.4706,0.4709909424429674
Train,0.127,0.12598311977505366
Train,0.836,0.8300662381221798
Train,0.4706,0.4690880952251619
Train,0.299,0.29684977853166333
Train,0.6106,0.6166655219965754
Train,0.0109,0.010910208052731815
Train,0.0941,0.0980710165633446
Train,0.0666,0.0674199161347406
Train,0.1124,0.10683782278446678
Train,0.0299,0.027058592832284577
Train,0.0225,0.021131682366309523
Train,0.0494,0.04897481948881014
Train,0.6961,0.6941049397843402
Train,0.2752,0.27087127586965165
Train,0.0876,0.08727162371229087
Train,0.062,0.061984212713353054
Train,0.914,0.9135684218788355
Train,0.1435,0.1354129653233779
Train,0.5213,0.5207617874174222
Train,0.2213,0.2261102364455273
Train,0.0169,0.013249913835803291
Train,0.676,0.7158439886100499
Train,0.2489,0.25552025383304416
Train,0.5277,0.522830146142743
Train,0.523,0.5182237711354373
Train,0.3465,0.344656242894854
Train,0.115,0.11577876499257747
Train,0.0186,0.021635738011591223
Train,0.2283,0.2255129660523675
Train,0.77,0.7854967112891845
Train,0.585,0.5971007085923273
Train,0.81,0.8042966615160636
Train,0.0218,0.015299285772890948
Train,0.4978,0.5026819631534246
Train,0.6193,0.6309862709862034
Train,0.3602,0.3610870385379007
Train,0.881,0.8403738221084885
Train,0.3746,0.37598226017350445
Train,0.214,0.20944630243012874
Train,0.3584,0.36399668679458425
Train,0.099,0.0985677781609305
Train,0.1278,0.11825756233289117
Train,0.276,0.2904659697616686
Train,0.07,0.07488525686773373
Train,0.3676,0.380303781897724
Train,0.358,0.36652421967674836
Train,0.883,0.8810116453847731
Train,0.905,0.915022860170892
Train,0.3965,0.403644536849794
Train,0.7233,0.721652044992015
Train,0.6727,0.6889961444038715
Train,0.2418,0.24078120549420287
Train,0.5507,0.5481956965113144
Train,0.019,0.022035581660386574
Train,0.1746,0.1768797019156691
Train,0.4786,0.47743920530265244
Train,0.896,0.900393936221581
Train,0.8141,0.8082761344049458
Train,0.165,0.1623219977608115
Train,0.0388,0.031892504587411406
Train,0.1033,0.10935068540375292
Train,0.2478,0.2543589334410706
Train,0.502,0.4980256265669375
Train,0.5688,0.5697736106741349
Train,0.1249,0.1270481479185255
Train,0.1502,0.15417077666560253
Train,0.5248,0.5214124812773357
Train,0.45,0.4568192807287287
Train,0.7625,0.7808510827789602
Train,0.2411,0.24342124394553494
Train,0.0315,0.027443497762201712
Train,0.1062,0.11615137657561941
Train,0.509,0.514865489891557
Train,0.1255,0.1270712460675152
Train,0.047,0.05520723060761908
Train,0.0174,0.009937630159621217
Train,0.3043,0.3217347716732211
Train,0.1922,0.19670752492147783
Train,0.2799,0.2761884459148018
Train,0.1768,0.1747342158237128
Train,0.3829,0.3804395556162523
Train,0.4539,0.45685698847348605
Train,0.6743,0.6840713671943495
Train,0.598,0.5742944989409955
Train,0.475,0.4699721944275903
Train,0.0382,0.03441799935146645
Train,0.0977,0.09983730524784948
Train,0.4508,0.47495630634888425
Train,0.1937,0.19631807758563066
Train,0.7798,0.7812974509325247
Train,0.334,0.34116796997010185
Train,0.3085,0.3047467521393434
Train,0.0536,0.05280867784266049
Train,0.3233,0.3130159705481931
Train,0.2719,0.27643898707629216
Train,0.2378,0.24079511565805875
Train,0.4914,0.49652803615473223
Train,0.5821,0.5858240015254844
Train,0.258,0.26334228666878967
Train,0.61,0.6120668437353368
Train,0.929,0.9233869092389834
Train,0.2138,0.21469694524521302
Train,0.0045,0.008534658414541568
Train,0.8183,0.834180494620701
Train,0.4025,0.39786662385237304
Train,0.099,0.09687945437212339
Train,0.654,0.6584334177558783
Train,0.3067,0.30139123431677606
Train,0.429,0.41828514742281564
Train,0.1123,0.11264134755767848
Train,0.1431,0.13903451921533075
Train,0.728,0.7317653787480846
Train,0.1614,0.1651572749068048
Train,0.559,0.552296019155592
Train,0.64,0.6512541383431801
Train,0.0227,0.022636087941941236
Train,0.0945,0.09872164459580343
Train,0.4351,0.4280030776759191
Train,0.576,0.568573269733033
Train,0.5645,0.5640674178319102
Train,0.1543,0.15162334594289428
Train,0.2612,0.2643780069201822
Train,0.852,0.8424827548538989
Train,0.7138,0.7180431227547557
Train,0.0961,0.09106308760731247
Train,0.0293,0.02910544376582847
Train,0.1206,0.12200065856638977
Train,0.2673,0.2624014046990093
Train,0.41,0.4118582436801876
Train,0.929,0.9382705352973378
Train,0.2772,0.2774991593648429
Train,0.528,0.5481420664696361
Train,0.2293,0.22319068383775956
Train,0.984,0.9930223769817886
Train,0.17,0.1642456270341823
Train,0.6621,0.6589024427157646
Train,0.115,0.11381809025365977
Train,0.47,0.4705194962267106
Train,0.533,0.5472240847939497
Train,0.4593,0.46258493830373676
Train,0.0379,0.03742319145972032
Train,0.263,0.3028293842848792
Train,0.0718,0.07433712450961029
Train,0.1922,0.18790052669241866
Train,0.6439,0.6447937602002606
Train,0.545,0.5420912160075222
Train,0.619,0.6239469618077091
Train,0.0484,0.046397744993498
Train,0.8471,0.8026523939549541
Train,0.6218,0.6233761271765994
Train,0.5086,0.509478017009944
Train,0.0935,0.09640701273843054
Train,0.2222,0.22150303607643865
Train,0.596,0.5875190276649015
Train,0.2028,0.20475766349391766
Train,0.7576,0.7646515281563058
Train,0.315,0.3084391023893162
Train,0.7338,0.7311455914769274
Train,0.067,0.06505308913758653
Train,0.2205,0.2195110472437568
Train,0.0712,0.0698178564980671
Train,0.098,0.09262877812831505
Train,0.0321,0.028681800351363616
Train,0.3663,0.3636237176791164
Train,0.4659,0.46572240747249977
Train,0.3112,0.29801099086457994
Train,0.546,0.5432059160213737
Train,0.892,0.9026222742291833
Train,0.1926,0.2140162752237741
Train,0.1168,0.11805320653626261
Train,0.259,0.26269546539579347
Train,0.1603,0.16415534300912918
Train,0.4728,0.47247691783522594
Train,0.803,0.7999747381314065
Train,0.1586,0.16343902268710062
Train,0.6653,0.6640261966654295
Train,0.3642,0.37799925373709764
Train,0.0443,0.041994849037979926
Train,0.2669,0.27362834014513704
Train,0.0494,0.04832294242840587
Train,0.8753,0.8746351602145358
Train,0.4961,0.5139820789215981
Train,0.3199,0.31120613740487896
Train,0.3109,0.3140369914386046
Train,0.8231,0.8340502366620529
Train,0.6897,0.6807995544188603
Train,0.0355,0.04116931548604508
Train,0.1195,0.13036445290834456
Train,0.6375,0.6320352307896856
Train,0.2239,0.2241770621379654
Train,0.2175,0.22941851648175765
Train,0.1966,0.19604049134705345
Train,0.0398,0.04206378703507414
Train,0.3204,0.3196163067465019
Train,0.8543,0.8003751489181703
Train,0.7069,0.6982645450449254
Train,0.2892,0.29233894401575583
Train,0.3732,0.37657082074101483
Train,0.3068,0.31045264695081193
Train,0.3453,0.3430668284804031
Train,0.238,0.23706210996827484
Train,0.3667,0.3612728281701223
Train,0.1642,0.15174696443693955
Train,0.2921,0.2928894046142927
Train,0.3583,0.3678632896458628
Train,0.4368,0.43317431386813005
Train,0.3898,0.38020715756009216
Train,0.078,0.0778827589209113
Train,0.4524,0.45314240669466543
Train,0.1187,0.11954238997203301
Train,0.0377,0.03840010050793786
Train,0.0831,0.08205322139852134
Train,0.5422,0.5371478352294904
Train,0.4737,0.47100007842806724
Train,0.133,0.13723426717308695
Train,0.2845,0.27947029701718495
Train,0.7365,0.7757475192367344
Train,0.1076,0.11131139744887276
Train,0.3608,0.36495665638621305
Train,0.6617,0.6614234602272021
Train,0.5607,0.558889880568235
Train,0.0065,0.0049289021723073236
Train,0.692,0.728420805237019
Train,0.197,0.19385160960827608
Train,0.513,0.5131425234968614
Train,0.2494,0.24981359958933316
Train,0.3138,0.3113171534602943
Train,0.3202,0.3261169719424241
Train,0.1954,0.19524086840075355
Train,0.5672,0.5680567234878015
Train,0.745,0.7405386524094534
Train,0.1022,0.10519043350934242
Train,0.0911,0.088738214895237
Train,0.0325,0.03143074046106112
Train,0.4166,0.4256111077414984
Train,0.0954,0.09593196397145105
Train,0.8463,0.8232196694290538
Train,0.1166,0.11886372085439545
Train,0.0985,0.10463469307991832
Train,0.5374,0.5415406161197118
Train,0.3409,0.3262794214666608
Train,0.6921,0.6854014448903626
Train,0.293,0.29018718813741495
Train,0.8414,0.8645198393364519
Train,0.7676,0.7689221077080461
Train,0.8829,0.8787006147037668
Train,0.1719,0.17796829852245527
Train,0.3482,0.37123985676614324
Train,0.5466,0.5676647296765164
Train,0.3531,0.3686827208727104
Train,0.1492,0.1552058841438477
Train,0.2791,0.2660573601455563
Train,0.145,0.14275999656800328
Train,0.11,0.09461831383948487
Train,0.2086,0.2077636323325827
Train,0.8778,0.8734522730034094
Train,0.0527,0.04962721541630927
Train,0.225,0.22110326958960064
Train,0.691,0.73832451603632
Train,0.6125,0.6226188502828035
Train,0.524,0.5290835923417452
Train,0.0055,0.0076295940767387785
Train,0.0511,0.040850619358447256
Train,0.4539,0.4652200701068758
Train,0.6344,0.632932380583867
Train,0.0282,0.024920585631284478
Train,0.8371,0.8468870710441992
Train,0.1354,0.1266369102538705
Train,0.0063,0.010856997099055321
Train,0.3624,0.36049639731462324
Train,0.5392,0.5433343301313385
Train,0.3876,0.38761418201049747
Train,0.3172,0.31874199500865347
Train,0.5429,0.5530312639251913
Train,0.059,0.06153888982959327
Train,0.2955,0.294509127476796
Train,0.502,0.5065625459942038
Train,0.1486,0.14690664312662263
Train,0.1795,0.18202400420547296
Train,0.3615,0.3602198447037013
Train,0.914,0.9163601406197623
Train,0.1371,0.1444550808802192
Train,0.3634,0.366962353906926
Train,0.1724,0.17052774824522543
Train,0.912,0.9138711104420523
Train,0.137,0.14902966494022588
Train,0.11,0.1128601196394882
Train,0.6418,0.6311241464595717
Train,0.3532,0.356557975540452
Train,0.2238,0.22061911101670545
Train,0.4786,0.47130358576877923
Train,0.3769,0.3772986987701974
Train,0.1748,0.18985961902841053
Train,0.089,0.07788552119240008
Train,0.656,0.6755539896948941
Train,0.0278,0.04415792922963762
Train,0.3301,0.33263387420199353
Train,0.0889,0.08312539965687288
Train,0.606,0.6218554277806584
Train,0.1793,0.1790560941394233
Train,0.8485,0.8476157550876793
Train,0.53,0.5592962356688881
Train,0.419,0.40988743139602085
Train,0.5353,0.540997017132392
Train,0.8516,0.8472592345678328
Train,0.5279,0.5251608874856286
Train,0.182,0.17454057522157085
Train,0.5199,0.5107041762866227
Train,0.2552,0.2607904366771001
Train,0.2259,0.21535258677995206
Train,0.59,0.5891591531575265
Train,0.0076,0.0076128639430524106
Train,0.3126,0.31765271898900427
Train,0.213,0.23358980719842287
Test,0.1959,0.2123907404154042
Test,0.3558,0.3725342223215677
Test,0.2795,0.35839410125345383
Test,0.1127,0.09330972007287032
Test,0.7608,0.6951120104630444
Test,0.341,0.3358651923270322
Test,0.6872,0.6560761566555087
Test,0.2741,0.281148720981816
Test,0.4687,0.4641440736366296
Test,0.0229,0.03469101649501526
Test,0.7483,0.6803926809181924
Test,0.6254,0.6157295841269919
Test,0.6442,0.6592903086140482
Test,0.14,0.15096005434529486
Test,0.295,0.3047512841076715
Test,0.3409,0.34430891211245906
Test,0.2961,0.313908991300444
Test,0.6835,0.6632879893455577
Test,0.4174,0.3876068665039337
Test,0.8073,0.739011843883905
Test,0.119,0.1289341238636715
Test,0.0373,0.04222253913398347
Test,0.2519,0.2500032598045324
Test,0.5508,0.5993295517718198
Test,0.0408,0.026587549837285795
Test,0.6992,0.6879097584842825
Test,0.2879,0.3025372337532544
Test,0.2525,0.23840843296112915
Test,0.4705,0.47309932590906156
Test,0.229,0.21443816147882475
Test,0.7648,0.7068813302894861
Test,0.007,-0.019596822892065626
Test,0.1623,0.1706173766466203
Test,0.4352,0.42865942326788037
Test,0.4625,0.41984710855331986
Test,0.5187,0.5432413852946524
Test,0.4669,0.5013267544178582
Test,0.274,0.2630944918139478
Test,0.0347,0.0343454516698565
Test,0.3155,0.32962288113450583
Test,0.2001,0.20197187758038138
Test,0.4212,0.4253177103676925
Test,0.1958,0.19865726416934162
Test,0.0412,0.04127629462186328
Test,0.1467,0.15251530893421322
Test,0.23,0.2342781612274032
Test,0.424,0.453542349608469
Test,0.5005,0.488769401693058
Test,0.2649,0.24570751079607514
Test,0.21,0.2051066433463474
Test,0.4627,0.4604503900727905
Test,0.4293,0.468101780538355
Test,0.0704,0.08105253498782607
Test,0.7889,0.746652460415393
Test,0.9459,0.9088455797688532
Test,0.1433,0.1575237709382986
Test,0.5224,0.5323796177344621
Test,0.685,0.6920355764414208
Test,0.3755,0.41891628208194404
Test,0.256,0.24930441865985853
Test,0.7065,0.6769777414838557
Test,0.189,0.21109693951144415
Test,0.0677,0.09611807210011619
Test,0.7943,0.7893744814908669
Test,0.7688,0.7096894516634288
Test,0.333,0.3532817069930494
Test,0.4604,0.43262435203759075
Test,0.091,0.08579983006052544
Test,0.9208,0.8956971058734173
Test,0.0795,0.07819673648719068
Test,0.0045,0.013406924740063978
Test,0.317,0.3469881686057937
Test,0.396,0.3824614223709112
Test,0.8244,0.8278251458339919
Test,0.35,0.339978238807217
Test,0.403,0.423986222170576
Test,0.3117,0.31218113388528973
Test,0.0231,0.0072945065905360915
Test,0.6554,0.6133079222323116
Test,0.103,0.11008148064214683
Test,0.0172,-0.05995518882226185
Test,0.3548,0.26320569891901335
Test,0.0609,0.05354259929704218
Test,0.9072,0.8738610263547187
Test,0.839,0.918316909308052
Test,0.1992,0.1973209293697062
Test,0.5,0.5698453925632739
Test,0.6325,0.7179141418258641
Test,0.012,0.02258211219595857
Test,0.0632,0.07220472157227975
Test,0.298,0.2785556603266834
Test,0.952,0.9648394801322839
Test,0.2302,0.23797315039351863
Test,0.6633,0.6218050530914742
Test,0.6251,0.630995569534744
Test,0.081,0.07302813944372302
Test,0.1449,0.1616564331942861
Test,0.4389,0.41578576940349926
Test,0.4046,0.38989398659707264
Test,0.4246,0.4060468101691903
Test,0.1462,0.14264505586440338
Test,0.934,0.9162220402343089
Test,0.17,0.17710243021080432
Test,0.3175,0.298006619054346
Test,0.0796,0.07870800941294476
Test,0.895,0.8987453628975731
Test,0.2948,0.314525257129486
Test,0.5893,0.5867405382317905
Test,0.0937,0.08631874198476332
Test,0.703,0.7128592437811857
Test,0.7985,0.8253301071908463
Test,0.0726,0.11092414442019616
Test,0.0877,0.08838064096690713
Test,0.8003,0.838877200096381
Test,0.5295,0.5095743633638693
Test,0.3202,0.33177085721789346
Test,0.0253,0.020947298079928574
Test,0.4301,0.427569037674828
Test,0.376,0.35655966451251525
Test,0.7943,0.7881437869367761
Test,0.4057,0.4076603017622045
Test,0.3446,0.31174632616797054
Test,0.345,0.312599615366292
Test,0.1787,0.18329969262943105
Test,0.4433,0.43665026454368794
Test,0.736,0.6749237208789329
Test,0.88,0.8584671989519942
Test,0.888,0.7623870168858988
Test,0.041,0.04418569330237071
Test,0.0193,0.02665137462808428
Test,0.8387,0.8378071290637287
Test,0.3931,0.3886537464382425
Test,0.0622,0.07461967824673299
Test,0.1838,0.19603722553335207
Test,0.2305,0.23216559673749773
Test,0.1495,0.15228534330869287
Test,0.1984,0.18889946236388477
Test,0.703,0.7422234987323094
Test,0.4116,0.4394912772185473
Test,0.216,0.21050365596348805
Test,0.872,0.8617535579604566
Test,0.2425,0.25838198208386975
Test,0.095,0.15221180464282644
Test,0.522,0.5357491099927219
Test,0.73,0.7199584740121395
Test,0.048,0.047876018869873804
Test,0.918,0.9317573230190872
Test,0.2425,0.2473937923918624
Test,0.1165,0.11349647432318867
Test,0.611,0.7084085861138566
Test,0.1878,0.1743211310523267
Test,0.2569,0.2629765834797305
Test,0.0344,0.04742390685937067
Test,0.5509,0.6660595483275829
Test,0.7998,0.7665559931063104
Test,0.4545,0.4223060957304241
Test,0.5222,0.5289931506575986
Test,0.031,0.025058859204080082
Test,0.3142,0.3219737678749645
Test,0.166,0.19561003149992742
Test,0.7935,0.7187403348770128
Test,0.8212,0.7736578150683948
Test,0.0912,0.06886147925881601
Test,0.4973,0.5097278313732155
Test,0.4489,0.47767051389670834
Test,0.2534,0.27031004403007
Test,0.9148,0.8917358692135693
Test,0.0584,0.05425345260139585
Test,0.36,0.4246918223251807
Test,0.7874,0.8262991366449355
Test,0.223,0.2276760760021192
Test,0.3314,0.3198713068643862
Test,0.064,0.06149320416687397
Test,0.2477,0.26360003962323036
Test,0.828,0.7974440995675512
Test,0.206,0.23950717311845926
Test,0.5,0.5756108753903066
Test,0.411,0.4334970208217501
Test,0.15,0.16817286111454866
Test,0.0663,0.06458860790496088
Test,0.7043,0.6962779487792737
Test,0.159,0.17528359647882658
Test,0.1988,0.22671371868269713
Test,0.0344,0.05454631807206335
Test,0.2508,0.2827216740088416
Test,0.4112,0.41666609052340225
Test,0.0904,0.09162114191381253
Test,0.2223,0.20860301812587526
Test,0.5477,0.553254623500152
Test,0.265,0.245101997042832
Test,0.0213,0.0008081749941759239
Test,0.7134,0.7224035895795092
Test,0.1073,0.10281849971624106
Test,0.0608,0.08580729952122795
Test,0.2842,0.2572105578699138
Test,0.8877,0.8948472262189994
Test,0.0259,0.03214597085455557
Test,0.4023,0.4105256531387947
Test,0.445,0.4931258076808406
Test,0.2066,0.2296827101531437
Test,0.2178,0.2261896977952709
Test,0.533,0.532209062493389
Test,0.1097,0.11539443847202313
Test,0.0172,0.014810807704683987
Test,0.416,0.41223822552189643
Test,0.969,0.9246803732705974
Test,0.2331,0.23741434444619808
Test,0.3385,0.37701534706518297
Test,0.2719,0.2597392685467579
Test,0.357,0.3987030328748052
Test,0.308,0.35838420881464067
Test,0.744,0.6946042260011025
Test,0.46,0.4564799108376745
Test,0.5492,0.4811921524237686
Test,0.3763,0.3992907290277097
Test,0.6461,0.6742942612856535
Test,0.22,0.22079125339586936
Test,0.5736,0.5982000088330294
Test,0.1328,0.12796399746418477
Test,0.6606,0.7688300712606072
Test,0.1187,0.12276622498842714
Test,0.2954,0.32469770588264596
Test,0.7146,0.7104049141172605
Test,0.704,0.69156232418412
Test,0.656,0.6707821488743387
Test,0.5926,0.6632465527730731
Test,0.84,0.7904328891765816
Test,0.225,0.2155979837387
Test,0.115,0.14635338450240387
Test,0.7034,0.7082061228275423
Test,0.718,0.6982412049987611
Test,0.2129,0.18790353068652352
Test,0.3791,0.34908032288185037
Test,0.211,0.22530849652994392
Test,0.8189,0.8139982637064747
Test,0.8104,0.7908319033700747
Test,0.4989,0.5288642063940492
Test,0.3892,0.39060658015081867
Test,0.119,0.11459172894015836
Test,0.453,0.48979229918672645
Test,0.0172,0.01641012841973109
Test,0.3923,0.38099101829711435
Test,0.0601,0.06276493207443626
Test,0.3584,0.3046301934037309
Test,0.3846,0.40235443194780285
Test,0.6208,0.6656993235758278
Test,0.3632,0.3724414047613765
Test,0.8485,0.8404584308977654
Test,0.6982,0.6891885949435094
Test,0.46,0.44233752497960066
Test,0.1006,0.0862311500464151
Test,0.1339,0.1231971646214667
Test,0.1281,0.12509301830881367
Test,0.1185,0.11647355476487242
Test,0.3255,0.32570374633197613
Test,0.036,0.03918452577169753
Test,0.1327,0.11620652114438576
Test,0.4374,0.4524454888489979
Test,0.516,0.5269782655132582
Test,0.435,0.4480290886342536
Test,0.3304,0.30370535777075663
Test,0.11,0.13584049076454202
Test,0.1308,0.11818030982970248
Test,0.0481,0.10478833802642343
Test,0.7522,0.7490388139582048
Test,0.2901,0.2904459385290559
Test,0.673,0.6746396247670945
Test,0.4197,0.4178673986505192
Test,0.189,0.2238714202841769
Test,0.041,0.04370272009034385
Test,0.1635,0.18179048501951997
Test,0.2157,0.21774038911766092
Test,0.7484,0.753084644084199
Test,0.933,0.8430181318340376
Test,0.6738,0.6603016487597438
Test,0.6536,0.6134244879125845
Test,0.046,0.04730173405364562
Test,0.2116,0.22875473297637494
Test,0.942,0.921697092802302
Test,0.3739,0.3583282685831616
Test,0.276,0.28599864444103196
Test,0.5844,0.6265993577052431
Test,0.4766,0.4949224310566023
Test,0.2961,0.2756215716914003
Test,0.1804,0.18864359246660206
Test,0.8283,0.6365592952893754
Test,0.5207,0.5212753672788207
Test,0.0767,0.10449374372122783
Test,0.952,0.9481201550527074
Test,0.2265,0.2201277632701925
Test,0.291,0.27772221746332487
Test,0.1829,0.17837464497984407
Test,0.914,0.9138837718012095
Test,0.5061,0.472313633403056
Test,0.0968,0.11042446950004786
Test,0.1977,0.18752273211682632
Test,0.4368,0.43649651541529244
Test,0.0193,0.06397741813490422
Test,0.42,0.41252072263539913
Test,0.8564,0.8658813136723598
Test,0.326,0.3504306548210931
Test,0.2179,0.1931468790745999
Test,0.4942,0.47234413315911167
Test,0.2124,0.2234097362552298
Test,0.5423,0.5444826399053717
Test,0.8526,0.7598641528635144
Test,0.1282,0.1249959224887552
Test,0.2204,0.21587857814081926
Test,0.404,0.4029007859444258
Test,0.016,0.011824126938538257
Test,0.749,0.7737971072536347
Test,0.0282,0.03528168256144643
Test,0.6798,0.6753093940668651
Test,0.2023,0.18711938432024824
Test,0.1484,0.13186350175763703
Test,0.2934,0.2868071341454939
Test,0.1507,0.15931203850452474
Test,0.387,0.4054761487527684
Test,0.2394,0.2476411347957243
Test,0.5909,0.6233899034314612
Test,0.2747,0.28947120503501195
Test,0.444,0.47227545919123043
Test,0.5105,0.516954916536567
Test,0.185,0.18334082343446848
Test,0.3941,0.4019837771049011
Test,0.0405,0.03393423997030326
Test,0.291,0.2967644131208819
Test,0.44,0.44885138784182343
Test,0.156,0.15359713622130303
Test,0.1781,0.20300888425831937
Test,0.1107,0.16515801453565693
Test,0.1681,0.10009876079220938
Test,0.1749,0.17720347067925615
Test,0.56,0.6103936388531149
Test,0.7578,0.7077621554830925
Test,0.7478,0.6828154678948748
Test,0.4303,0.43166403731803077
Test,0.7077,0.7228160628644609
Test,0.4579,0.4932315958935222
Test,0.4637,0.4676267459181666
Test,0.2113,0.19312380340548024
Test,0.67,0.6662549062642364
Test,0.4273,0.441281172559967
Test,0.635,0.5648047276090685
Test,0.219,0.21879712508318974
Test,0.8013,0.823986101782267
Test,0.6042,0.6776979556684463
Test,0.2319,0.2259848207217494
Test,0.7347,0.7456815728028777
Test,0.0616,0.058108915011396894
Test,0.8555,0.8132701123546093
Test,0.8759,0.8560296215669021
Test,0.2149,0.2351148971887438
Test,0.041,0.038097157789627675
Test,0.2479,0.25522571189088
Test,0.6107,0.5746470791328885
Test,0.08971,0.09195641579538001
Test,0.849,0.8047821280515315
Test,0.4446,0.42925372498745984
Test,0.7779,0.7749463987269161
Test,0.324,0.3259223747904533
Test,0.529,0.5084730174569644
Test,0.3843,0.42258293940413116
Test,0.6015,0.6108280684354173
Test,0.4073,0.40311574293787616
Test,0.2439,0.2099747751795446
Test,0.598,0.6073701233425406
Test,0.5447,0.5145930266048577
Test,0.824,0.8266271713114324
Test,0.0539,0.0666349024350636
Test,0.892,0.8144299888816563
Test,0.135,0.1335929476110106
Test,0.3946,0.39006790528249696
Test,0.0719,0.1339841555520415
Test,0.7289,0.7216845724829561
Test,0.5929,0.5751727251661534
Test,0.2459,0.24621120844678748
Test,0.097,0.16043280412686498
Test,0.0633,0.06400281521837452
Test,0.2578,0.25601357338403896
Test,0.574,0.5468650024299017
Test,0.1769,0.15602134868631398
Test,0.596,0.6590342399581234
Test,0.3847,0.37317316063916767
Test,0.8398,0.8169717532505568
Test,0.2834,0.3070665140047337
Test,0.3099,0.28937132587647796
Test,0.104,0.0990117682766204
Test,0.8944,0.8931936134593081
Test,0.092,0.10188473232995751
Test,0.062,0.0435729244546985
Test,0.1883,0.17735161248998532
Test,0.4911,0.49715867616714493
Test,0.764,0.7394613203955257
Test,0.0106,0.011029431098982656
Test,0.321,0.3202780632803241
Test,0.531,0.6167448861907082
Test,0.6026,0.5872742324337519
Test,0.3864,0.3553601817193185
Test,0.3581,0.3347763555178101
Test,0.8355,0.8482384181626611
Test,0.737,0.660262814083478
Test,0.0878,0.06379610548379663
Test,0.143,0.1782974749709299
Test,0.4461,0.44239792695787744
Test,0.286,0.3497186303658382
Test,0.2897,0.2611276330530282
Test,0.0617,0.05837394006405567
Test,0.1652,0.15095512405414
Test,0.0706,0.06285870214997955
Test,0.144,0.14764645231958168
Test,0.0842,0.1047772868955814
Test,0.919,0.9053767947098394
Test,0.1221,0.1352847519718939
Test,0.505,0.4983188242431523
Test,0.6313,0.6774570455046172
Test,0.3607,0.36025125319687523
Test,0.6687,0.6807806530682492
Test,0.9535,0.8754273813620671
Test,0.0782,0.08632514588935164
Test,0.691,0.8365736180605848
Test,0.3098,0.31769794455610817
Test,0.3343,0.32019945085369905
Test,0.3028,0.32144780763592873
Test,0.315,0.34019619948561153
Test,0.1646,0.17606406064087174
Test,0.0135,-0.014033195770196015
Test,0.4813,0.4830178677132299
Test,0.3659,0.3598625596808528
Test,0.983,0.9456967634924516
Test,0.9003,0.8539671401946966
Test,0.0795,0.06863173329576398
Test,0.3246,0.32881356044789123
Test,0.8162,0.7708326302309326
Test,0.5398,0.5420716902281827
Test,0.3328,0.2450111674201297
Test,0.371,0.3768634338177258
Test,0.77,0.8552725962676103
Test,0.3919,0.39823137532220054
Test,0.853,0.8537860944098477
Test,0.1826,0.19665297715462768
Test,0.686,0.6734689992629939
Test,0.6946,0.7050641794666075
Test,0.3854,0.41370331452215
Test,0.365,0.4324121865758576
Test,0.153,0.14785742130162388
Test,0.1064,0.11297681335462945
Test,0.9062,0.8093860277272346
Test,0.535,0.44976156173657106
Test,0.135,0.1353635356018608
Test,0.4311,0.4227327918171435
Test,0.026,0.025564894564372585
Test,0.2489,0.24062683417543637
Test,0.288,0.21508297138761578
Test,0.3297,0.3639739016065424
Test,0.0706,0.07813123219143117
Test,0.1026,0.13497262619225164
Test,0.3188,0.3203739121886686
Test,0.4834,0.4757211141630524
Test,0.881,0.7656309344343835
Test,0.5321,0.5622856036692984
Test,0.1695,0.16042594174298028
Test,0.135,0.14950484522786803
Test,0.5355,0.5080451357245759
Test,0.424,0.4226786002309424
Test,0.3962,0.39498275131454
Test,0.297,0.3110820861325162
Test,0.977,0.9715302668745674
Test,0.6346,0.6507779545432518
Test,0.3467,0.3281012879806143
Test,0.4064,0.4609982248924691
Test,0.1202,0.14200494694023222
Test,0.2064,0.2004547753807128
Test,0.3798,0.33853543611818016
Test,0.1545,0.13637493939011855
Test,0.1332,0.11998877538413678
Test,0.1625,0.15496238290561826
Test,0.3303,0.3386652462597326
